[{"family":"MaterialIcons","fonts":[{"asset":"fonts/MaterialIcons-Regular.otf"}]},{"family":"Poppins","fonts":[{"asset":"assets/fonts/poppins.ttf"},{"weight":700,"asset":"assets/fonts/poppins_bold.ttf"},{"weight":600,"asset":"assets/fonts/poppins_semi_bold.ttf"},{"weight":100,"asset":"assets/fonts/poppins_thin.ttf"}]},{"family":"Poppins-SemiBold","fonts":[{"asset":"assets/fonts/poppins_semi_bold.ttf"}]},{"family":"packages/icons_plus/AntDesign","fonts":[{"asset":"packages/icons_plus/assets/fonts/AntDesign.ttf"}]},{"family":"packages/icons_plus/Bootstrap","fonts":[{"asset":"packages/icons_plus/assets/fonts/Bootstrap.ttf"}]},{"family":"packages/icons_plus/BoxIcons","fonts":[{"asset":"packages/icons_plus/assets/fonts/BoxIcons.ttf"}]},{"family":"packages/icons_plus/Clarity","fonts":[{"asset":"packages/icons_plus/assets/fonts/Clarity.ttf"}]},{"family":"packages/icons_plus/EvaIcons","fonts":[{"asset":"packages/icons_plus/assets/fonts/EvaIcons.ttf"}]},{"family":"packages/icons_plus/FontAwesome","fonts":[{"asset":"packages/icons_plus/assets/fonts/FontAwesome.ttf"}]},{"family":"packages/icons_plus/HeroIcons","fonts":[{"asset":"packages/icons_plus/assets/fonts/HeroIcons.ttf"}]},{"family":"packages/icons_plus/Iconsax","fonts":[{"asset":"packages/icons_plus/assets/fonts/Iconsax.ttf"}]},{"family":"packages/icons_plus/IonIcons","fonts":[{"asset":"packages/icons_plus/assets/fonts/IonIcons.ttf"}]},{"family":"packages/icons_plus/LineAwesome","fonts":[{"asset":"packages/icons_plus/assets/fonts/LineAwesome.ttf"}]},{"family":"packages/icons_plus/MingCute","fonts":[{"asset":"packages/icons_plus/assets/fonts/MingCute.ttf"}]},{"family":"packages/icons_plus/OctIcons","fonts":[{"asset":"packages/icons_plus/assets/fonts/OctIcons.ttf"}]},{"family":"packages/icons_plus/PixelartIcons","fonts":[{"asset":"packages/icons_plus/assets/fonts/PixelArtIcons.ttf"}]},{"family":"packages/icons_plus/TeenyIcons","fonts":[{"asset":"packages/icons_plus/assets/fonts/TeenyIcons.ttf"}]},{"family":"packages/icons_plus/ZondIcons","fonts":[{"asset":"packages/icons_plus/assets/fonts/ZondIcons.ttf"}]}]